airline_iata,destination_airport_iata,destination_city,destination_country,iso_country,distance_km,carrier_type,gdp_per_capita,gdp_yoy_change,lcc_share,fuel_cost_per_seat_baseline,rf_pred_at_baseline,fuel_elasticity_per_dollar
SQ,SYD,Sydney,Australia,AU,6294.727208310837,FSC,64603.9856308464,-0.6984368540630004,0.0,1296.24,0.14789753317178256,0.004783775317958622
SQ,MEL,Melbourne,Australia,AU,6033.9042499072075,FSC,64603.9856308464,-0.6984368540630004,0.0,1242.53,0.14789753317178256,0.004783775317958622
SQ,BNE,Brisbane,Australia,AU,6143.832009979592,FSC,64603.9856308464,-0.6984368540630004,0.0,1265.17,0.14789753317178256,0.004783775317958622
SQ,PER,Perth,Australia,AU,3912.3581536025526,FSC,64603.9856308464,-0.6984368540630004,0.0,805.65,0.14789753317178256,0.004783775317958622
SQ,ADL,Adelaide,Australia,AU,5403.776997833832,FSC,64603.9856308464,-0.6984368540630004,0.0,1112.77,0.14789753317178256,0.004783775317958622
SQ,CNS,Cairns,Australia,AU,5007.319580384273,FSC,64603.9856308464,-0.6984368540630004,0.0,1031.13,0.14789753317178256,0.004783775317958622
SQ,AKL,Auckland,New Zealand,NZ,8409.14482327899,FSC,49205.1792146792,0.2633121006151429,0.0,1731.65,0.14802918965481712,0.004783775317958622
SQ,CHC,Christchurch,New Zealand,NZ,8404.56922492523,FSC,49205.1792146792,0.2633121006151429,0.0,1730.71,0.14802918965481712,0.004783775317958622
SQ,NAN,Nadi,Fiji,FJ,8305.479175194369,FSC,6425.74151715712,8.429265953254173,0.0,1710.31,0.01360280479303627,0.0024788880560103668
SQ,POM,Port Moresby,Papua New Guinea,PG,4935.501063119663,FSC,3006.70564478923,1.3700743307052399,0.0,1016.34,-0.05271774818729805,0.005229436382428003
SQ,JNB,Johannesburg,South Africa,ZA,8656.314250774272,FSC,6267.186814093,3.8598644705778673,0.0,1782.55,0.011775775861481041,0.003212436784134456
SQ,LHR,London,United Kingdom,GB,10881.725383574843,FSC,53246.3676145108,6.611137104963394,0.0,2240.82,0.14938062009223824,0.005870244158956761
SQ,LGW,London,United Kingdom,GB,10870.602522819794,FSC,53246.3676145108,6.611137104963394,0.0,2238.53,0.14938062009223824,0.005870244158956761
SQ,MAN,Manchester,United Kingdom,GB,10954.565284719441,FSC,53246.3676145108,6.611137104963394,0.0,2255.82,0.14938062009223824,0.005870244158956761
SQ,CDG,Paris,France,FR,10722.988878257625,FSC,46103.0840855884,3.1385711934994065,0.0,2208.13,0.14611690697546484,0.004916548759471728
SQ,FRA,Frankfurt,Germany,DE,10278.796798831168,FSC,56103.7323182554,2.422496930095974,0.0,2116.66,0.1464042729792942,0.004783775317958622
SQ,MUC,Munich,Germany,DE,10057.059692053997,FSC,56103.7323182554,2.422496930095974,0.0,2071.0,0.1464042729792942,0.004783775317958622
SQ,ZRH,Zurich,Switzerland,CH,10304.399725302621,FSC,103998.186685604,3.3537249190745744,0.0,2121.93,0.14514755071955782,0.005747433028952753
SQ,AMS,Amsterdam,Netherlands,NL,10512.487403154772,FSC,67520.4218956281,6.3052519751847225,0.0,2164.78,0.14913688188813176,0.005870244158956761
SQ,BRU,Brussels,Belgium,BE,10553.931664898779,FSC,56614.5679499036,2.392941199169596,0.0,2173.32,0.1464042729792942,0.004783775317958622
SQ,BCN,Barcelona,Spain,ES,10898.10985045129,FSC,35326.7683069278,5.474378476950292,0.0,2244.19,0.12175278643735955,0.0025231058792527516
SQ,FCO,Rome,Italy,IT,10050.541370132942,FSC,40385.3413957669,2.82163900152681,0.0,2069.66,0.14215285988981038,0.00201162817957079
SQ,MXP,Milan,Italy,IT,10307.784246970348,FSC,40385.3413957669,2.82163900152681,0.0,2122.63,0.14215285988981038,0.00201162817957079
SQ,CPH,Copenhagen,Denmark,DK,9966.175006678852,FSC,71026.4832271897,4.383863973674185,0.0,2052.28,0.1459184931323122,0.005747433028952753
SQ,ATH,Athens,Greece,GR,9042.356535126519,FSC,24626.1481858973,5.493718726204655,0.0,1862.05,0.1209473505488173,0.0025231058792527655
SQ,HEL,Helsinki,Finland,FI,9273.85663857567,FSC,53149.7671934051,0.5971037145227065,0.0,1909.72,0.14781702645269312,0.004783775317958622
SQ,IST,Istanbul,Turkey,TR,8679.913824829375,FSC,15892.7157287241,18.823201267601462,0.0,1787.41,0.10403280112246951,0.0034502357656018695
SQ,LAX,Los Angeles,United States,US,14100.581341209168,FSC,84534.0407841548,4.3214623103204675,0.0,2903.66,0.1459184931323122,0.005747433028952753
SQ,SFO,San Francisco,United States,US,13580.524449158358,FSC,84534.0407841548,4.3214623103204675,0.0,2796.57,0.1459184931323122,0.005747433028952753
SQ,JFK,New York,United States,US,15339.00904411948,FSC,84534.0407841548,4.3214623103204675,0.0,3158.69,0.1459184931323122,0.005747433028952753
SQ,EWR,Newark,United States,US,15335.209471971677,FSC,84534.0407841548,4.3214623103204675,0.0,3157.9,0.1459184931323122,0.005747433028952753
SQ,SEA,Seattle,United States,US,12977.936191266415,FSC,84534.0407841548,4.3214623103204675,0.0,2672.48,0.1459184931323122,0.005747433028952753
SQ,YVR,Vancouver,Canada,CA,12811.713806135442,FSC,54340.3477224733,0.22135465017880662,0.0,2638.25,0.14802918965481712,0.004783775317958622
SQ,DXB,Dubai,United Arab Emirates,AE,5844.868916309725,FSC,50273.5060469837,0.8481705129206762,0.0,1203.6,0.14781702645269312,0.004783775317958622
SQ,DOH,Doha,Qatar,QA,6205.62439724434,FSC,76688.6941743178,-6.267996735115522,0.0,1277.89,0.14801633923069138,0.004783775317958622
SQ,AUH,Abu Dhabi,United Arab Emirates,AE,5885.173705350141,FSC,50273.5060469837,0.8481705129206762,0.0,1211.9,0.14781702645269312,0.004783775317958622
SQ,JED,Jeddah,Saudi Arabia,SA,7359.0234091033935,FSC,35121.6628687742,-2.863041212160644,0.0,1515.41,0.12740413187780097,0.0025928661464538205
SQ,BOM,Mumbai,India,IN,3920.7383932602384,FSC,2694.73780859961,6.50631098394534,0.0,807.38,-0.05765061780325644,0.006868825334909241
SQ,DEL,New Delhi,India,IN,4157.806658778596,FSC,2694.73780859961,6.50631098394534,0.0,856.2,-0.05765061780325644,0.006868825334909241
SQ,BLR,Bengaluru,India,IN,3178.5092885002587,FSC,2694.73780859961,6.50631098394534,0.0,654.53,-0.05765061780325644,0.006868825334909241
SQ,MAA,Chennai,India,IN,2924.3423557168326,FSC,2694.73780859961,6.50631098394534,0.0,602.2,-0.05765061780325644,0.006868825334909241
SQ,HYD,Hyderabad,India,IN,3304.9443799138326,FSC,2694.73780859961,6.50631098394534,0.0,680.57,-0.05765061780325644,0.006868825334909241
SQ,CCU,Kolkata,India,IN,2902.3828904577344,FSC,2694.73780859961,6.50631098394534,0.0,597.67,-0.05765061780325644,0.006868825334909241
SQ,COK,Kochi,India,IN,3201.775528509259,FSC,2694.73780859961,6.50631098394534,0.0,659.33,-0.05765061780325644,0.006868825334909241
SQ,TRV,Thiruvananthapuram,India,IN,3099.653924197677,FSC,2694.73780859961,6.50631098394534,0.0,638.3,-0.05765061780325644,0.006868825334909241
SQ,AMD,Ahmedabad,India,IN,4155.494225523093,FSC,2694.73780859961,6.50631098394534,0.0,855.72,-0.05765061780325644,0.006868825334909241
SQ,TRZ,Tiruchirappalli,India,IN,2980.3161512799893,FSC,2694.73780859961,6.50631098394534,0.0,613.72,-0.05765061780325644,0.006868825334909241
SQ,ATQ,Amritsar,India,IN,4556.54203718111,FSC,2694.73780859961,6.50631098394534,0.0,938.31,-0.05765061780325644,0.006868825334909241
SQ,CMB,Colombo,Sri Lanka,LK,2749.049173877299,FSC,4515.56787322732,18.865449545300848,0.0,566.1,0.013249080805191937,0.0022263759006991343
SQ,DAC,Dhaka,Bangladesh,BD,2896.7179307093934,FSC,2593.41611680774,1.6620181780222287,0.0,596.51,-0.05671367680009791,0.007607552089243061
SQ,KTM,Kathmandu,Nepal,NP,3536.5915709789215,FSC,1447.31004458428,4.700719848057444,0.0,728.27,-0.053907659867246105,0.007331808083563061
SQ,BWN,Bandar Seri Begawan,Brunei,BN,1277.627330577342,FSC,33153.4738913513,0.799392885478678,0.0,263.1,0.12565179213716046,0.0018621490482159386
SQ,HKG,Hong Kong,Hong Kong,HK,2564.5328188380286,FSC,54074.6928519479,6.946529606750129,0.0,528.1,0.14884114193686449,0.005870244158956761
SQ,TPE,Taipei,Taiwan,TW,3221.2217873785476,FSC,35000.0,2.5,0.0,663.33,0.12308103320865317,0.0018621490482159525
SQ,PEK,Beijing,China,CN,4489.198079548265,FSC,13303.1481543868,2.7176671355156445,0.0,924.44,0.10211541301121808,0.003041754075427172
SQ,PVG,Shanghai,China,CN,3804.6156143939725,FSC,13303.1481543868,2.7176671355156445,0.0,783.47,0.10211541301121808,0.003041754075427172
SQ,CAN,Guangzhou,China,CN,2647.053711478043,FSC,13303.1481543868,2.7176671355156445,0.0,545.09,0.10211541301121808,0.003041754075427172
SQ,ICN,Seoul,South Korea,KR,4626.09623496496,FSC,36238.639908315,1.5825037661840957,0.0,952.63,0.13184303987368007,0.002681884318815525
SQ,NRT,Tokyo,Japan,JP,5357.014441697009,FSC,32487.0778047567,-3.987146293572319,0.0,1103.14,0.128966704322246,0.0020430643578479846
SQ,HND,Tokyo,Japan,JP,5299.0599978589735,FSC,32487.0778047567,-3.987146293572319,0.0,1091.21,0.128966704322246,0.0020430643578479846
SQ,KIX,Osaka,Japan,JP,4901.077414679893,FSC,32487.0778047567,-3.987146293572319,0.0,1009.25,0.128966704322246,0.0020430643578479846
SQ,FUK,Fukuoka,Japan,JP,4519.569022723746,FSC,32487.0778047567,-3.987146293572319,0.0,930.69,0.128966704322246,0.0020430643578479846
SQ,NGO,Nagoya,Japan,JP,5040.216733651508,FSC,32487.0778047567,-3.987146293572319,0.0,1037.91,0.128966704322246,0.0020430643578479846
SQ,BKK,Bangkok,Thailand,TH,1415.3040417559505,FSC,7346.62022142185,2.105862109734824,0.0,291.45,0.04618546446951319,0.0025711045840293226
SQ,USM,Ko Samui,Thailand,TH,1008.4005737427254,FSC,7346.62022142185,2.105862109734824,0.0,207.65,0.04618546446951319,0.0025711045840293226
SQ,KUL,Kuala Lumpur,Malaysia,MY,296.4123530393128,FSC,11874.4273684245,4.289356294973379,0.0,61.04,0.10061886088197484,0.0038009022359243444
SQ,MNL,Manila,Philippines,PH,2374.0766097229753,FSC,3984.8315387656,4.751442325156674,0.0,488.88,0.00942032406163689,0.003150218354505392
SQ,CEB,Cebu,Philippines,PH,2422.253140282608,FSC,3984.8315387656,4.751442325156674,0.0,498.8,0.00942032406163689,0.003150218354505392
SQ,DPS,Denpasar,Indonesia,ID,1672.7968607217397,FSC,4925.43048751861,1.0073757638701997,0.0,344.47,0.015002175556609423,0.0027912163915670696
SQ,CGK,Jakarta,Indonesia,ID,883.8199212254927,FSC,4925.43048751861,1.0073757638701997,0.0,182.0,0.015002175556609423,0.0027912163915670696
SQ,RGN,Yangon,Myanmar,MM,1930.3673066121096,FSC,1359.05001560107,10.205456872937969,0.0,397.51,-0.051996011123103925,0.006232190878039598
SQ,HAN,Hanoi,Vietnam,VN,2216.7331455982826,FSC,4717.29028732449,9.111914102671449,0.0,456.48,0.013618459867688308,0.002418558114632631
SQ,SGN,Ho Chi Minh City,Vietnam,VN,1091.5682897540535,FSC,4717.29028732449,9.111914102671449,0.0,224.78,0.013618459867688308,0.002418558114632631
TR,KUL,Kuala Lumpur,Malaysia,MY,296.4123530393128,LCC,11874.4273684245,4.289356294973379,1.0,61.04,0.0814745923446638,-0.0013007616885177403
TR,PEN,Penang,Malaysia,MY,600.9812873968567,LCC,11874.4273684245,4.289356294973379,1.0,123.76,0.0814745923446638,-0.0013007616885177403
TR,IPH,Ipoh,Malaysia,MY,480.1150759761929,LCC,11874.4273684245,4.289356294973379,1.0,98.87,0.0814745923446638,-0.0013007616885177403
TR,LGK,Langkawi,Malaysia,MY,726.8837070789758,LCC,11874.4273684245,4.289356294973379,1.0,149.68,0.0814745923446638,-0.0013007616885177403
TR,BKI,Kota Kinabalu,Malaysia,MY,1430.8856370401872,LCC,11874.4273684245,4.289356294973379,1.0,294.66,0.0814745923446638,-0.0013007616885177403
TR,KCH,Kuching,Malaysia,MY,707.2636325985159,LCC,11874.4273684245,4.289356294973379,1.0,145.64,0.0814745923446638,-0.0013007616885177403
TR,MYY,Miri,Malaysia,MY,1157.6493228452503,LCC,11874.4273684245,4.289356294973379,1.0,238.39,0.0814745923446638,-0.0013007616885177403
TR,SBW,Sibu,Malaysia,MY,893.9661184639224,LCC,11874.4273684245,4.289356294973379,1.0,184.09,0.0814745923446638,-0.0013007616885177403
TR,KBR,Kota Bharu,Malaysia,MY,566.268104801275,LCC,11874.4273684245,4.289356294973379,1.0,116.61,0.0814745923446638,-0.0013007616885177403
TR,KUA,Kuantan,Malaysia,MY,281.82720856711626,LCC,11874.4273684245,4.289356294973379,1.0,58.04,0.0814745923446638,-0.0013007616885177403
TR,MKZ,Malacca,Malaysia,MY,217.67649313719033,LCC,11874.4273684245,4.289356294973379,1.0,44.83,0.0814745923446638,-0.0013007616885177403
TR,CGK,Jakarta,Indonesia,ID,883.8199212254927,LCC,4925.43048751861,1.0073757638701997,1.0,182.0,0.04965810361947885,-0.0016185241548546808
TR,DPS,Denpasar,Indonesia,ID,1672.7968607217397,LCC,4925.43048751861,1.0073757638701997,1.0,344.47,0.04965810361947885,-0.0016185241548546808
TR,SUB,Surabaya,Indonesia,ID,1377.462023338354,LCC,4925.43048751861,1.0073757638701997,1.0,283.65,0.04965810361947885,-0.0016185241548546808
TR,YIA,Yogyakarta,Indonesia,ID,1230.8070118197843,LCC,4925.43048751861,1.0073757638701997,1.0,253.45,0.04965810361947885,-0.0016185241548546808
TR,LOP,Praya,Indonesia,ID,1766.6981411614934,LCC,4925.43048751861,1.0073757638701997,1.0,363.81,0.04965810361947885,-0.0016185241548546808
TR,MDC,Manado,Indonesia,ID,2327.166541155276,LCC,4925.43048751861,1.0073757638701997,1.0,479.22,0.04965810361947885,-0.0016185241548546808
TR,BPN,Balikpapan,Indonesia,ID,1464.187749183126,LCC,4925.43048751861,1.0073757638701997,1.0,301.51,0.04965810361947885,-0.0016185241548546808
TR,UPG,Makassar,Indonesia,ID,1871.0626717477096,LCC,4925.43048751861,1.0073757638701997,1.0,385.3,0.04965810361947885,-0.0016185241548546808
TR,PKU,Pekanbaru,Indonesia,ID,300.57064185110414,LCC,4925.43048751861,1.0073757638701997,1.0,61.9,0.04965810361947885,-0.0016185241548546808
TR,PLM,Palembang,Indonesia,ID,480.3842958442601,LCC,4925.43048751861,1.0073757638701997,1.0,98.92,0.04965810361947885,-0.0016185241548546808
TR,SRG,Semarang,Indonesia,ID,1166.3884861110594,LCC,4925.43048751861,1.0073757638701997,1.0,240.19,0.04965810361947885,-0.0016185241548546808
TR,PDG,Padang,Indonesia,ID,476.9015381967779,LCC,4925.43048751861,1.0073757638701997,1.0,98.21,0.04965810361947885,-0.0016185241548546808
TR,KJT,Majalengka,Indonesia,ID,1004.1211251446173,LCC,4925.43048751861,1.0073757638701997,1.0,206.77,0.04965810361947885,-0.0016185241548546808
TR,TJQ,Tanjung Pandan,Indonesia,ID,619.4281520123225,LCC,4925.43048751861,1.0073757638701997,1.0,127.56,0.04965810361947885,-0.0016185241548546808
TR,LBJ,Labuan Bajo,Indonesia,ID,2074.3949294347326,LCC,4925.43048751861,1.0073757638701997,1.0,427.17,0.04965810361947885,-0.0016185241548546808
TR,MNL,Manila,Philippines,PH,2374.0766097229753,LCC,3984.8315387656,4.751442325156674,1.0,488.88,0.062021096831242156,-0.0021709722057315015
TR,CEB,Cebu,Philippines,PH,2422.253140282608,LCC,3984.8315387656,4.751442325156674,1.0,498.8,0.062021096831242156,-0.0021709722057315015
TR,ILO,Iloilo City,Philippines,PH,2298.4761146088626,LCC,3984.8315387656,4.751442325156674,1.0,473.31,0.062021096831242156,-0.0021709722057315015
TR,CRK,Angeles City,Philippines,PH,2380.80717367896,LCC,3984.8315387656,4.751442325156674,1.0,490.27,0.062021096831242156,-0.0021709722057315015
TR,DVO,Davao City,Philippines,PH,2484.1740402963624,LCC,3984.8315387656,4.751442325156674,1.0,511.55,0.062021096831242156,-0.0021709722057315015
TR,SGN,Ho Chi Minh City,Vietnam,VN,1091.5682897540535,LCC,4717.29028732449,9.111914102671449,1.0,224.78,0.04469116992646615,-0.002838422735065897
TR,HAN,Hanoi,Vietnam,VN,2216.7331455982826,LCC,4717.29028732449,9.111914102671449,1.0,456.48,0.04469116992646615,-0.002838422735065897
TR,DAD,Da Nang,Vietnam,VN,1696.1645233327213,LCC,4717.29028732449,9.111914102671449,1.0,349.28,0.04469116992646615,-0.002838422735065897
TR,PQC,Phu Quoc,Vietnam,VN,979.1139424667427,LCC,4717.29028732449,9.111914102671449,1.0,201.62,0.04469116992646615,-0.002838422735065897
TR,CXR,Nha Trang,Vietnam,VN,1315.4584800019072,LCC,4717.29028732449,9.111914102671449,1.0,270.89,0.04469116992646615,-0.002838422735065897
TR,PNH,Phnom Penh,Cambodia,KH,1136.1775472467061,LCC,2627.87969756224,8.15438965054538,1.0,233.97,0.07229808550279163,0.008885027656070604
TR,SAI,Siem Reap,Cambodia,KH,1335.1777966769669,LCC,2627.87969756224,8.15438965054538,1.0,274.95,0.07229808550279163,0.008885027656070604
TR,RGN,Yangon,Myanmar,MM,1930.3673066121096,LCC,1359.05001560107,10.205456872937969,1.0,397.51,0.07548004838711099,0.008061565317381614
TR,BKK,Bangkok,Thailand,TH,1415.3040417559505,LCC,7346.62022142185,2.105862109734824,1.0,291.45,0.058917687812147276,-0.0019476037349386091
TR,DMK,Bangkok,Thailand,TH,1444.0888685571026,LCC,7346.62022142185,2.105862109734824,1.0,297.37,0.058917687812147276,-0.0019476037349386091
TR,HKT,Phuket,Thailand,TH,978.7984766422755,LCC,7346.62022142185,2.105862109734824,1.0,201.56,0.058917687812147276,-0.0019476037349386091
TR,KBV,Krabi,Thailand,TH,931.2197043140217,LCC,7346.62022142185,2.105862109734824,1.0,191.76,0.058917687812147276,-0.0019476037349386091
TR,USM,Ko Samui,Thailand,TH,1008.4005737427254,LCC,7346.62022142185,2.105862109734824,1.0,207.65,0.058917687812147276,-0.0019476037349386091
TR,CNX,Chiang Mai,Thailand,TH,2011.225764011722,LCC,7346.62022142185,2.105862109734824,1.0,414.16,0.058917687812147276,-0.0019476037349386091
TR,HDY,Hat Yai,Thailand,TH,736.600372288432,LCC,7346.62022142185,2.105862109734824,1.0,151.68,0.058917687812147276,-0.0019476037349386091
TR,CEI,Chiang Rai,Thailand,TH,2114.617485920497,LCC,7346.62022142185,2.105862109734824,1.0,435.45,0.058917687812147276,-0.0019476037349386091
TR,HKG,Hong Kong,Hong Kong,HK,2564.5328188380286,LCC,54074.6928519479,6.946529606750129,1.0,528.1,0.11194932343384416,0.0010558510781697727
TR,TPE,Taipei,Taiwan,TW,3221.2217873785476,LCC,35000.0,2.5,1.0,663.33,0.08951453764130762,-0.0003273801341609206
TR,KHH,Kaohsiung,Taiwan,TW,2947.5155939950773,LCC,35000.0,2.5,1.0,606.97,0.08951453764130762,-0.0003273801341609206
TR,ICN,Seoul,South Korea,KR,4626.09623496496,LCC,36238.639908315,1.5825037661840957,1.0,952.63,0.093348655545058,0.0007733368619313591
TR,PUS,Busan,South Korea,KR,4560.034592782679,LCC,36238.639908315,1.5825037661840957,1.0,939.03,0.093348655545058,0.0007733368619313591
TR,CJU,Jeju City,South Korea,KR,4274.689408212581,LCC,36238.639908315,1.5825037661840957,1.0,880.27,0.093348655545058,0.0007733368619313591
TR,NRT,Tokyo,Japan,JP,5357.014441697009,LCC,32487.0778047567,-3.987146293572319,1.0,1103.14,0.10130277777715029,0.0013654573798317082
TR,HND,Tokyo,Japan,JP,5299.0599978589735,LCC,32487.0778047567,-3.987146293572319,1.0,1091.21,0.10130277777715029,0.0013654573798317082
TR,KIX,Osaka,Japan,JP,4901.077414679893,LCC,32487.0778047567,-3.987146293572319,1.0,1009.25,0.10130277777715029,0.0013654573798317082
TR,FUK,Fukuoka,Japan,JP,4519.569022723746,LCC,32487.0778047567,-3.987146293572319,1.0,930.69,0.10130277777715029,0.0013654573798317082
TR,NGO,Nagoya,Japan,JP,5040.216733651508,LCC,32487.0778047567,-3.987146293572319,1.0,1037.91,0.10130277777715029,0.0013654573798317082
TR,OKA,Okinawa,Japan,JP,3743.9712474505386,LCC,32487.0778047567,-3.987146293572319,1.0,770.98,0.10130277777715029,0.0013654573798317082
TR,CTS,Sapporo,Japan,JP,5933.279540117862,LCC,32487.0778047567,-3.987146293572319,1.0,1221.81,0.10130277777715029,0.0013654573798317082
TR,PEK,Beijing,China,CN,4489.198079548265,LCC,13303.1481543868,2.7176671355156445,1.0,924.44,0.08444787204358968,-0.0010403415163707658
TR,PKX,Beijing,China,CN,4423.624373075194,LCC,13303.1481543868,2.7176671355156445,1.0,910.93,0.08444787204358968,-0.0010403415163707658
TR,PVG,Shanghai,China,CN,3804.6156143939725,LCC,13303.1481543868,2.7176671355156445,1.0,783.47,0.08444787204358968,-0.0010403415163707658
TR,CAN,Guangzhou,China,CN,2647.053711478043,LCC,13303.1481543868,2.7176671355156445,1.0,545.09,0.08444787204358968,-0.0010403415163707658
TR,SZX,Shenzhen,China,CN,2592.345183912244,LCC,13303.1481543868,2.7176671355156445,1.0,533.83,0.08444787204358968,-0.0010403415163707658
TR,TFU,Chengdu,China,CN,3219.234094931882,LCC,13303.1481543868,2.7176671355156445,1.0,662.92,0.08444787204358968,-0.0010403415163707658
TR,CKG,Chongqing,China,CN,3164.6713545317252,LCC,13303.1481543868,2.7176671355156445,1.0,651.68,0.08444787204358968,-0.0010403415163707658
TR,KMG,Kunming,China,CN,2642.850754410386,LCC,13303.1481543868,2.7176671355156445,1.0,544.23,0.08444787204358968,-0.0010403415163707658
TR,HGH,Hangzhou,China,CN,3649.1177436740954,LCC,13303.1481543868,2.7176671355156445,1.0,751.44,0.08444787204358968,-0.0010403415163707658
TR,XMN,Xiamen,China,CN,2991.9653402654626,LCC,13303.1481543868,2.7176671355156445,1.0,616.12,0.08444787204358968,-0.0010403415163707658
TR,HAK,Haikou,China,CN,2181.4330094588977,LCC,13303.1481543868,2.7176671355156445,1.0,449.21,0.08444787204358968,-0.0010403415163707658
TR,FOC,Fuzhou,China,CN,3206.0877734316864,LCC,13303.1481543868,2.7176671355156445,1.0,660.21,0.08444787204358968,-0.0010403415163707658
TR,NKG,Nanjing,China,CN,3720.458432880039,LCC,13303.1481543868,2.7176671355156445,1.0,766.14,0.08444787204358968,-0.0010403415163707658
TR,WUH,Wuhan,China,CN,3443.0414263697385,LCC,13303.1481543868,2.7176671355156445,1.0,709.01,0.08444787204358968,-0.0010403415163707658
TR,CSX,Changsha,China,CN,3139.97939456317,LCC,13303.1481543868,2.7176671355156445,1.0,646.6,0.08444787204358968,-0.0010403415163707658
TR,CGO,Zhengzhou,China,CN,3826.7644516208725,LCC,13303.1481543868,2.7176671355156445,1.0,788.03,0.08444787204358968,-0.0010403415163707658
TR,TNA,Jinan,China,CN,4173.758345969014,LCC,13303.1481543868,2.7176671355156445,1.0,859.48,0.08444787204358968,-0.0010403415163707658
TR,TAO,Qingdao,China,CN,4229.507066325081,LCC,13303.1481543868,2.7176671355156445,1.0,870.96,0.08444787204358968,-0.0010403415163707658
TR,SHE,Shenyang,China,CN,4885.361268812774,LCC,13303.1481543868,2.7176671355156445,1.0,1006.02,0.08444787204358968,-0.0010403415163707658
TR,WUX,Wuxi,China,CN,3769.4083288294146,LCC,13303.1481543868,2.7176671355156445,1.0,776.22,0.08444787204358968,-0.0010403415163707658
TR,KWE,Guiyang,China,CN,2815.689896128401,LCC,13303.1481543868,2.7176671355156445,1.0,579.82,0.08444787204358968,-0.0010403415163707658
TR,NNG,Nanning,China,CN,2404.10610687406,LCC,13303.1481543868,2.7176671355156445,1.0,495.07,0.08444787204358968,-0.0010403415163707658
TR,DYG,Zhangjiajie,China,CN,3159.4578504799088,LCC,13303.1481543868,2.7176671355156445,1.0,650.61,0.08444787204358968,-0.0010403415163707658
TR,SWA,Shantou,China,CN,2811.65578181165,LCC,13303.1481543868,2.7176671355156445,1.0,578.99,0.08444787204358968,-0.0010403415163707658
TR,HFE,Hefei,China,CN,3667.326358556465,LCC,13303.1481543868,2.7176671355156445,1.0,755.19,0.08444787204358968,-0.0010403415163707658
TR,KHN,Nanchang,China,CN,3308.5924267502,LCC,13303.1481543868,2.7176671355156445,1.0,681.32,0.08444787204358968,-0.0010403415163707658
TR,SYX,Sanya,China,CN,1974.1719895904946,LCC,13303.1481543868,2.7176671355156445,1.0,406.53,0.08444787204358968,-0.0010403415163707658
TR,JJN,Quanzhou,China,CN,3040.8229747271375,LCC,13303.1481543868,2.7176671355156445,1.0,626.18,0.08444787204358968,-0.0010403415163707658
TR,NGB,Ningbo,China,CN,3664.1211080503367,LCC,13303.1481543868,2.7176671355156445,1.0,754.53,0.08444787204358968,-0.0010403415163707658
TR,TSN,Tianjin,China,CN,4412.326152825628,LCC,13303.1481543868,2.7176671355156445,1.0,908.61,0.08444787204358968,-0.0010403415163707658
TR,XIY,Xi'an,China,CN,3711.2968938247213,LCC,13303.1481543868,2.7176671355156445,1.0,764.25,0.08444787204358968,-0.0010403415163707658
TR,SYD,Sydney,Australia,AU,6294.727208310837,LCC,64603.9856308464,-0.6984368540630004,1.0,1296.24,0.11744855942737585,0.001841862880101991
TR,MEL,Melbourne,Australia,AU,6033.9042499072075,LCC,64603.9856308464,-0.6984368540630004,1.0,1242.53,0.11744855942737585,0.001841862880101991
TR,BNE,Brisbane,Australia,AU,6143.832009979592,LCC,64603.9856308464,-0.6984368540630004,1.0,1265.17,0.11744855942737585,0.001841862880101991
TR,PER,Perth,Australia,AU,3912.3581536025526,LCC,64603.9856308464,-0.6984368540630004,1.0,805.65,0.11744855942737585,0.001841862880101991
TR,ADL,Adelaide,Australia,AU,5403.776997833832,LCC,64603.9856308464,-0.6984368540630004,1.0,1112.77,0.11744855942737585,0.001841862880101991
TR,DRW,Darwin,Australia,AU,3340.6004636145285,LCC,64603.9856308464,-0.6984368540630004,1.0,687.91,0.11744855942737585,0.001841862880101991
TR,AKL,Auckland,New Zealand,NZ,8409.14482327899,LCC,49205.1792146792,0.2633121006151429,1.0,1731.65,0.11683711705571681,0.001841862880101991
TR,NAN,Nadi,Fiji,FJ,8305.479175194369,LCC,6425.74151715712,8.429265953254173,1.0,1710.31,0.030814226092038557,-0.002460807921697967
TR,NOU,Noumea,New Caledonia,NC,7224.803607481729,LCC,,,1.0,1487.77,0.08444787204358968,-0.0010403415163707658
TR,POM,Port Moresby,Papua New Guinea,PG,4935.501063119663,LCC,3006.70564478923,1.3700743307052399,1.0,1016.34,0.07539414523453726,0.007459326221727
TR,DEL,New Delhi,India,IN,4157.806658778596,LCC,2694.73780859961,6.50631098394534,1.0,856.2,0.07229808550279163,0.008885027656070604
TR,BOM,Mumbai,India,IN,3920.7383932602384,LCC,2694.73780859961,6.50631098394534,1.0,807.38,0.07229808550279163,0.008885027656070604
TR,BLR,Bengaluru,India,IN,3178.5092885002587,LCC,2694.73780859961,6.50631098394534,1.0,654.53,0.07229808550279163,0.008885027656070604
TR,MAA,Chennai,India,IN,2924.3423557168326,LCC,2694.73780859961,6.50631098394534,1.0,602.2,0.07229808550279163,0.008885027656070604
TR,HYD,Hyderabad,India,IN,3304.9443799138326,LCC,2694.73780859961,6.50631098394534,1.0,680.57,0.07229808550279163,0.008885027656070604
TR,COK,Kochi,India,IN,3201.775528509259,LCC,2694.73780859961,6.50631098394534,1.0,659.33,0.07229808550279163,0.008885027656070604
TR,CCU,Kolkata,India,IN,2902.3828904577344,LCC,2694.73780859961,6.50631098394534,1.0,597.67,0.07229808550279163,0.008885027656070604
TR,TRV,Thiruvananthapuram,India,IN,3099.653924197677,LCC,2694.73780859961,6.50631098394534,1.0,638.3,0.07229808550279163,0.008885027656070604
TR,TRZ,Tiruchirappalli,India,IN,2980.3161512799893,LCC,2694.73780859961,6.50631098394534,1.0,613.72,0.07229808550279163,0.008885027656070604
TR,AMD,Ahmedabad,India,IN,4155.494225523093,LCC,2694.73780859961,6.50631098394534,1.0,855.72,0.07229808550279163,0.008885027656070604
TR,CJB,Coimbatore,India,IN,3163.1646843322114,LCC,2694.73780859961,6.50631098394534,1.0,651.37,0.07229808550279163,0.008885027656070604
TR,ATQ,Amritsar,India,IN,4556.54203718111,LCC,2694.73780859961,6.50631098394534,1.0,938.31,0.07229808550279163,0.008885027656070604
TR,VTZ,Visakhapatnam,India,IN,2907.4257545204864,LCC,2694.73780859961,6.50631098394534,1.0,598.71,0.07229808550279163,0.008885027656070604
TR,GAU,Guwahati,India,IN,3054.7406046138053,LCC,2694.73780859961,6.50631098394534,1.0,629.05,0.07229808550279163,0.008885027656070604
TR,VGA,Vijayawada,India,IN,3047.490059598097,LCC,2694.73780859961,6.50631098394534,1.0,627.55,0.07229808550279163,0.008885027656070604
TR,CMB,Colombo,Sri Lanka,LK,2749.049173877299,LCC,4515.56787322732,18.865449545300848,1.0,566.1,0.05351551062569898,-0.003166387650771707
TR,DAC,Dhaka,Bangladesh,BD,2896.7179307093934,LCC,2593.41611680774,1.6620181780222287,1.0,596.51,0.07387157236825283,0.00998464486159406
TR,KTM,Kathmandu,Nepal,NP,3536.5915709789215,LCC,1447.31004458428,4.700719848057444,1.0,728.27,0.07631623713497299,0.009161182522905084
TR,PBH,Paro,Bhutan,BT,3285.2791510598386,LCC,3831.32535494609,3.233281603852678,1.0,676.52,0.06335832103365135,-0.0015806833321370117
TR,MLE,Male,Maldives,MV,3397.4180405846546,LCC,13379.3513577224,6.289824597987637,1.0,699.61,0.0790911331653812,-0.0020343104166418435
TR,DXB,Dubai,United Arab Emirates,AE,5844.868916309725,LCC,50273.5060469837,0.8481705129206762,1.0,1203.6,0.11683711705571681,0.001841862880101991
TR,JED,Jeddah,Saudi Arabia,SA,7359.0234091033935,LCC,35121.6628687742,-2.863041212160644,1.0,1515.41,0.09980529217954497,0.001420893228582798
TR,MED,Medina,Saudi Arabia,SA,7354.996080049341,LCC,35121.6628687742,-2.863041212160644,1.0,1514.58,0.09980529217954497,0.001420893228582798
TR,ATH,Athens,Greece,GR,9042.356535126519,LCC,24626.1481858973,5.493718726204655,1.0,1862.05,0.08570376115096077,-0.0005878003063078813
TR,ADD,Addis Ababa,Ethiopia,ET,7259.860969957498,LCC,1133.88279681719,7.394494574201382,1.0,1494.99,0.07511458688518917,0.0080615653173816
EK,DXB,Dubai,United Arab Emirates,AE,5844.868916309725,FSC,50273.5060469837,0.8481705129206762,0.0,1203.6,0.14781702645269312,0.004783775317958622
QR,DOH,Doha,Qatar,QA,6205.62439724434,FSC,76688.6941743178,-6.267996735115522,0.0,1277.89,0.14801633923069138,0.004783775317958622
CX,HKG,Hong Kong,Hong Kong,HK,2564.5328188380286,FSC,54074.6928519479,6.946529606750129,0.0,528.1,0.14884114193686449,0.005870244158956761
MH,KUL,Kuala Lumpur,Malaysia,MY,296.4123530393128,FSC,11874.4273684245,4.289356294973379,0.0,61.04,0.10061886088197484,0.0038009022359243444
MH,BKI,Kota Kinabalu,Malaysia,MY,1430.8856370401872,FSC,11874.4273684245,4.289356294973379,0.0,294.66,0.10061886088197484,0.0038009022359243444
MH,KCH,Kuching,Malaysia,MY,707.2636325985159,FSC,11874.4273684245,4.289356294973379,0.0,145.64,0.10061886088197484,0.0038009022359243444
MH,PEN,Penang,Malaysia,MY,600.9812873968567,FSC,11874.4273684245,4.289356294973379,0.0,123.76,0.10061886088197484,0.0038009022359243444
QF,SYD,Sydney,Australia,AU,6294.727208310837,FSC,64603.9856308464,-0.6984368540630004,0.0,1296.24,0.14789753317178256,0.004783775317958622
QF,MEL,Melbourne,Australia,AU,6033.9042499072075,FSC,64603.9856308464,-0.6984368540630004,0.0,1242.53,0.14789753317178256,0.004783775317958622
QF,BNE,Brisbane,Australia,AU,6143.832009979592,FSC,64603.9856308464,-0.6984368540630004,0.0,1265.17,0.14789753317178256,0.004783775317958622
QF,PER,Perth,Australia,AU,3912.3581536025526,FSC,64603.9856308464,-0.6984368540630004,0.0,805.65,0.14789753317178256,0.004783775317958622
QF,ADL,Adelaide,Australia,AU,5403.776997833832,FSC,64603.9856308464,-0.6984368540630004,0.0,1112.77,0.14789753317178256,0.004783775317958622
QF,DRW,Darwin,Australia,AU,3340.6004636145285,FSC,64603.9856308464,-0.6984368540630004,0.0,687.91,0.14789753317178256,0.004783775317958622
QF,CNS,Cairns,Australia,AU,5007.319580384273,FSC,64603.9856308464,-0.6984368540630004,0.0,1031.13,0.14789753317178256,0.004783775317958622
GA,CGK,Jakarta,Indonesia,ID,883.8199212254927,FSC,4925.43048751861,1.0073757638701997,0.0,182.0,0.015002175556609423,0.0027912163915670696
GA,DPS,Denpasar,Indonesia,ID,1672.7968607217397,FSC,4925.43048751861,1.0073757638701997,0.0,344.47,0.015002175556609423,0.0027912163915670696
GA,SUB,Surabaya,Indonesia,ID,1377.462023338354,FSC,4925.43048751861,1.0073757638701997,0.0,283.65,0.015002175556609423,0.0027912163915670696
TG,BKK,Bangkok,Thailand,TH,1415.3040417559505,FSC,7346.62022142185,2.105862109734824,0.0,291.45,0.04618546446951319,0.0025711045840293226
TG,CNX,Chiang Mai,Thailand,TH,2011.225764011722,FSC,7346.62022142185,2.105862109734824,0.0,414.16,0.04618546446951319,0.0025711045840293226
TG,HKT,Phuket,Thailand,TH,978.7984766422755,FSC,7346.62022142185,2.105862109734824,0.0,201.56,0.04618546446951319,0.0025711045840293226
KE,ICN,Seoul,South Korea,KR,4626.09623496496,FSC,36238.639908315,1.5825037661840957,0.0,952.63,0.13184303987368007,0.002681884318815525
KE,PUS,Busan,South Korea,KR,4560.034592782679,FSC,36238.639908315,1.5825037661840957,0.0,939.03,0.13184303987368007,0.002681884318815525
OZ,ICN,Seoul,South Korea,KR,4626.09623496496,FSC,36238.639908315,1.5825037661840957,0.0,952.63,0.13184303987368007,0.002681884318815525
JL,NRT,Tokyo,Japan,JP,5357.014441697009,FSC,32487.0778047567,-3.987146293572319,0.0,1103.14,0.128966704322246,0.0020430643578479846
JL,HND,Tokyo,Japan,JP,5299.0599978589735,FSC,32487.0778047567,-3.987146293572319,0.0,1091.21,0.128966704322246,0.0020430643578479846
JL,KIX,Osaka,Japan,JP,4901.077414679893,FSC,32487.0778047567,-3.987146293572319,0.0,1009.25,0.128966704322246,0.0020430643578479846
NH,NRT,Tokyo,Japan,JP,5357.014441697009,FSC,32487.0778047567,-3.987146293572319,0.0,1103.14,0.128966704322246,0.0020430643578479846
NH,HND,Tokyo,Japan,JP,5299.0599978589735,FSC,32487.0778047567,-3.987146293572319,0.0,1091.21,0.128966704322246,0.0020430643578479846
MM,KIX,Osaka,Japan,JP,4901.077414679893,LCC,32487.0778047567,-3.987146293572319,1.0,1009.25,0.10130277777715029,0.0013654573798317082
MM,NRT,Tokyo,Japan,JP,5357.014441697009,LCC,32487.0778047567,-3.987146293572319,1.0,1103.14,0.10130277777715029,0.0013654573798317082
7C,ICN,Seoul,South Korea,KR,4626.09623496496,Unknown,36238.639908315,1.5825037661840957,0.0,952.63,0.13184303987368007,0.002681884318815525
7C,CJU,Jeju City,South Korea,KR,4274.689408212581,Unknown,36238.639908315,1.5825037661840957,0.0,880.27,0.13184303987368007,0.002681884318815525
7C,PUS,Busan,South Korea,KR,4560.034592782679,Unknown,36238.639908315,1.5825037661840957,0.0,939.03,0.13184303987368007,0.002681884318815525
BR,TPE,Taipei,Taiwan,TW,3221.2217873785476,FSC,35000.0,2.5,0.0,663.33,0.12308103320865317,0.0018621490482159525
BR,KHH,Kaohsiung,Taiwan,TW,2947.5155939950773,FSC,35000.0,2.5,0.0,606.97,0.12308103320865317,0.0018621490482159525
JX,TPE,Taipei,Taiwan,TW,3221.2217873785476,Unknown,35000.0,2.5,0.0,663.33,0.12308103320865317,0.0018621490482159525
CI,TPE,Taipei,Taiwan,TW,3221.2217873785476,FSC,35000.0,2.5,0.0,663.33,0.12308103320865317,0.0018621490482159525
CI,KHH,Kaohsiung,Taiwan,TW,2947.5155939950773,FSC,35000.0,2.5,0.0,606.97,0.12308103320865317,0.0018621490482159525
MU,PVG,Shanghai,China,CN,3804.6156143939725,FSC,13303.1481543868,2.7176671355156445,0.0,783.47,0.10211541301121808,0.003041754075427172
MU,PKX,Beijing,China,CN,4423.624373075194,FSC,13303.1481543868,2.7176671355156445,0.0,910.93,0.10211541301121808,0.003041754075427172
MU,CAN,Guangzhou,China,CN,2647.053711478043,FSC,13303.1481543868,2.7176671355156445,0.0,545.09,0.10211541301121808,0.003041754075427172
MU,CSX,Changsha,China,CN,3139.97939456317,FSC,13303.1481543868,2.7176671355156445,0.0,646.6,0.10211541301121808,0.003041754075427172
MU,NKG,Nanjing,China,CN,3720.458432880039,FSC,13303.1481543868,2.7176671355156445,0.0,766.14,0.10211541301121808,0.003041754075427172
MU,WUH,Wuhan,China,CN,3443.0414263697385,FSC,13303.1481543868,2.7176671355156445,0.0,709.01,0.10211541301121808,0.003041754075427172
MU,XIY,Xi'an,China,CN,3711.2968938247213,FSC,13303.1481543868,2.7176671355156445,0.0,764.25,0.10211541301121808,0.003041754075427172
MU,CGO,Zhengzhou,China,CN,3826.7644516208725,FSC,13303.1481543868,2.7176671355156445,0.0,788.03,0.10211541301121808,0.003041754075427172
MU,KHN,Nanchang,China,CN,3308.5924267502,FSC,13303.1481543868,2.7176671355156445,0.0,681.32,0.10211541301121808,0.003041754075427172
MU,NGB,Ningbo,China,CN,3664.1211080503367,FSC,13303.1481543868,2.7176671355156445,0.0,754.53,0.10211541301121808,0.003041754075427172
CA,PEK,Beijing,China,CN,4489.198079548265,FSC,13303.1481543868,2.7176671355156445,0.0,924.44,0.10211541301121808,0.003041754075427172
CA,PVG,Shanghai,China,CN,3804.6156143939725,FSC,13303.1481543868,2.7176671355156445,0.0,783.47,0.10211541301121808,0.003041754075427172
CA,CKG,Chongqing,China,CN,3164.6713545317252,FSC,13303.1481543868,2.7176671355156445,0.0,651.68,0.10211541301121808,0.003041754075427172
CA,TFU,Chengdu,China,CN,3219.234094931882,FSC,13303.1481543868,2.7176671355156445,0.0,662.92,0.10211541301121808,0.003041754075427172
CZ,CAN,Guangzhou,China,CN,2647.053711478043,FSC,13303.1481543868,2.7176671355156445,0.0,545.09,0.10211541301121808,0.003041754075427172
CZ,SZX,Shenzhen,China,CN,2592.345183912244,FSC,13303.1481543868,2.7176671355156445,0.0,533.83,0.10211541301121808,0.003041754075427172
CZ,CSX,Changsha,China,CN,3139.97939456317,FSC,13303.1481543868,2.7176671355156445,0.0,646.6,0.10211541301121808,0.003041754075427172
CZ,WUH,Wuhan,China,CN,3443.0414263697385,FSC,13303.1481543868,2.7176671355156445,0.0,709.01,0.10211541301121808,0.003041754075427172
CZ,CGO,Zhengzhou,China,CN,3826.7644516208725,FSC,13303.1481543868,2.7176671355156445,0.0,788.03,0.10211541301121808,0.003041754075427172
MF,XMN,Xiamen,China,CN,2991.9653402654626,FSC,13303.1481543868,2.7176671355156445,0.0,616.12,0.10211541301121808,0.003041754075427172
MF,FOC,Fuzhou,China,CN,3206.0877734316864,FSC,13303.1481543868,2.7176671355156445,0.0,660.21,0.10211541301121808,0.003041754075427172
MF,JJN,Quanzhou,China,CN,3040.8229747271375,FSC,13303.1481543868,2.7176671355156445,0.0,626.18,0.10211541301121808,0.003041754075427172
MF,NGB,Ningbo,China,CN,3664.1211080503367,FSC,13303.1481543868,2.7176671355156445,0.0,754.53,0.10211541301121808,0.003041754075427172
HU,HAK,Haikou,China,CN,2181.4330094588977,FSC,13303.1481543868,2.7176671355156445,0.0,449.21,0.10211541301121808,0.003041754075427172
HU,XIY,Xi'an,China,CN,3711.2968938247213,FSC,13303.1481543868,2.7176671355156445,0.0,764.25,0.10211541301121808,0.003041754075427172
HU,LZH,Lanzhou,China,CN,2605.634412125133,FSC,13303.1481543868,2.7176671355156445,0.0,536.57,0.10211541301121808,0.003041754075427172
3U,TFU,Chengdu,China,CN,3219.234094931882,Unknown,13303.1481543868,2.7176671355156445,0.0,662.92,0.10211541301121808,0.003041754075427172
3U,CKG,Chongqing,China,CN,3164.6713545317252,Unknown,13303.1481543868,2.7176671355156445,0.0,651.68,0.10211541301121808,0.003041754075427172
WU,CKG,Chongqing,China,CN,3164.6713545317252,Unknown,13303.1481543868,2.7176671355156445,0.0,651.68,0.10211541301121808,0.003041754075427172
SC,TAO,Qingdao,China,CN,4229.507066325081,FSC,13303.1481543868,2.7176671355156445,0.0,870.96,0.10211541301121808,0.003041754075427172
SC,TNA,Jinan,China,CN,4173.758345969014,FSC,13303.1481543868,2.7176671355156445,0.0,859.48,0.10211541301121808,0.003041754075427172
SC,PVG,Shanghai,China,CN,3804.6156143939725,FSC,13303.1481543868,2.7176671355156445,0.0,783.47,0.10211541301121808,0.003041754075427172
ZH,SZX,Shenzhen,China,CN,2592.345183912244,Unknown,13303.1481543868,2.7176671355156445,0.0,533.83,0.10211541301121808,0.003041754075427172
ZH,CAN,Guangzhou,China,CN,2647.053711478043,Unknown,13303.1481543868,2.7176671355156445,0.0,545.09,0.10211541301121808,0.003041754075427172
HO,PVG,Shanghai,China,CN,3804.6156143939725,FSC,13303.1481543868,2.7176671355156445,0.0,783.47,0.10211541301121808,0.003041754075427172
HO,NKG,Nanjing,China,CN,3720.458432880039,FSC,13303.1481543868,2.7176671355156445,0.0,766.14,0.10211541301121808,0.003041754075427172
9C,PVG,Shanghai,China,CN,3804.6156143939725,LCC,13303.1481543868,2.7176671355156445,1.0,783.47,0.08444787204358968,-0.0010403415163707658
9C,SZX,Shenzhen,China,CN,2592.345183912244,LCC,13303.1481543868,2.7176671355156445,1.0,533.83,0.08444787204358968,-0.0010403415163707658
GS,TSN,Tianjin,China,CN,4412.326152825628,Unknown,13303.1481543868,2.7176671355156445,0.0,908.61,0.10211541301121808,0.003041754075427172
DR,WNZ,Wenzhou,China,CN,3454.144213100226,Unknown,13303.1481543868,2.7176671355156445,0.0,711.29,0.10211541301121808,0.003041754075427172
NX,MFM,Macau,Macao,MO,2533.8293701324333,Unknown,72004.7437020733,7.123831711838258,0.0,521.78,0.14884114193686449,0.005870244158956761
BA,LHR,London,United Kingdom,GB,10881.725383574843,FSC,53246.3676145108,6.611137104963394,0.0,2240.82,0.14938062009223824,0.005870244158956761
LH,FRA,Frankfurt,Germany,DE,10278.796798831168,FSC,56103.7323182554,2.422496930095974,0.0,2116.66,0.1464042729792942,0.004783775317958622
LH,MUC,Munich,Germany,DE,10057.059692053997,FSC,56103.7323182554,2.422496930095974,0.0,2071.0,0.1464042729792942,0.004783775317958622
AF,CDG,Paris,France,FR,10722.988878257625,FSC,46103.0840855884,3.1385711934994065,0.0,2208.13,0.14611690697546484,0.004916548759471728
KL,AMS,Amsterdam,Netherlands,NL,10512.487403154772,FSC,67520.4218956281,6.3052519751847225,0.0,2164.78,0.14913688188813176,0.005870244158956761
LX,ZRH,Zurich,Switzerland,CH,10304.399725302621,FSC,103998.186685604,3.3537249190745744,0.0,2121.93,0.14514755071955782,0.005747433028952753
AY,HEL,Helsinki,Finland,FI,9273.85663857567,FSC,53149.7671934051,0.5971037145227065,0.0,1909.72,0.14781702645269312,0.004783775317958622
OS,VIE,Vienna,Austria,AT,9703.198494429269,FSC,58268.8787651601,2.9858419834378536,0.0,1998.13,0.1457023316673182,0.005349175319645211
TK,IST,Istanbul,Turkey,TR,8679.913824829375,FSC,15892.7157287241,18.823201267601462,0.0,1787.41,0.10403280112246951,0.0034502357656018695
EY,AUH,Abu Dhabi,United Arab Emirates,AE,5885.173705350141,Unknown,50273.5060469837,0.8481705129206762,0.0,1211.9,0.14781702645269312,0.004783775317958622
GF,BAH,Bahrain,Bahrain,BH,6330.62695302165,FSC,29653.5682731534,1.240827101927966,0.0,1303.63,0.12565179213716046,0.0018621490482159386
WY,MCT,Muscat,Oman,OM,5505.550821954915,FSC,20285.2272897377,-3.5311033991205276,0.0,1133.73,0.10690326029901173,0.00377247117366504
SV,JED,Jeddah,Saudi Arabia,SA,7359.0234091033935,FSC,35121.6628687742,-2.863041212160644,0.0,1515.41,0.12740413187780097,0.0025928661464538205
SV,RUH,Riyadh,Saudi Arabia,SA,6673.180608966639,FSC,35121.6628687742,-2.863041212160644,0.0,1374.17,0.12740413187780097,0.0025928661464538205
SV,MED,Medina,Saudi Arabia,SA,7354.996080049341,FSC,35121.6628687742,-2.863041212160644,0.0,1514.58,0.12740413187780097,0.0025928661464538205
NZ,AKL,Auckland,New Zealand,NZ,8409.14482327899,FSC,49205.1792146792,0.2633121006151429,0.0,1731.65,0.14802918965481712,0.004783775317958622
AC,YVR,Vancouver,Canada,CA,12811.713806135442,FSC,54340.3477224733,0.22135465017880662,0.0,2638.25,0.14802918965481712,0.004783775317958622
ET,ADD,Addis Ababa,Ethiopia,ET,7259.860969957498,FSC,1133.88279681719,7.394494574201382,0.0,1494.99,-0.053907659867246105,0.006232190878039584
UL,CMB,Colombo,Sri Lanka,LK,2749.049173877299,FSC,4515.56787322732,18.865449545300848,0.0,566.1,0.013249080805191937,0.0022263759006991343
BG,DAC,Dhaka,Bangladesh,BD,2896.7179307093934,FSC,2593.41611680774,1.6620181780222287,0.0,596.51,-0.05671367680009791,0.007607552089243061
AI,DEL,New Delhi,India,IN,4157.806658778596,FSC,2694.73780859961,6.50631098394534,0.0,856.2,-0.05765061780325644,0.006868825334909241
AI,BOM,Mumbai,India,IN,3920.7383932602384,FSC,2694.73780859961,6.50631098394534,0.0,807.38,-0.05765061780325644,0.006868825334909241
AI,BLR,Bengaluru,India,IN,3178.5092885002587,FSC,2694.73780859961,6.50631098394534,0.0,654.53,-0.05765061780325644,0.006868825334909241
AI,MAA,Chennai,India,IN,2924.3423557168326,FSC,2694.73780859961,6.50631098394534,0.0,602.2,-0.05765061780325644,0.006868825334909241
AI,HYD,Hyderabad,India,IN,3304.9443799138326,FSC,2694.73780859961,6.50631098394534,0.0,680.57,-0.05765061780325644,0.006868825334909241
AI,CCU,Kolkata,India,IN,2902.3828904577344,FSC,2694.73780859961,6.50631098394534,0.0,597.67,-0.05765061780325644,0.006868825334909241
AI,COK,Kochi,India,IN,3201.775528509259,FSC,2694.73780859961,6.50631098394534,0.0,659.33,-0.05765061780325644,0.006868825334909241
AI,AMD,Ahmedabad,India,IN,4155.494225523093,FSC,2694.73780859961,6.50631098394534,0.0,855.72,-0.05765061780325644,0.006868825334909241
IX,COK,Kochi,India,IN,3201.775528509259,Unknown,2694.73780859961,6.50631098394534,0.0,659.33,-0.05765061780325644,0.006868825334909241
IX,TRV,Thiruvananthapuram,India,IN,3099.653924197677,Unknown,2694.73780859961,6.50631098394534,0.0,638.3,-0.05765061780325644,0.006868825334909241
IX,TRZ,Tiruchirappalli,India,IN,2980.3161512799893,Unknown,2694.73780859961,6.50631098394534,0.0,613.72,-0.05765061780325644,0.006868825334909241
IX,MAA,Chennai,India,IN,2924.3423557168326,Unknown,2694.73780859961,6.50631098394534,0.0,602.2,-0.05765061780325644,0.006868825334909241
IX,CJB,Coimbatore,India,IN,3163.1646843322114,Unknown,2694.73780859961,6.50631098394534,0.0,651.37,-0.05765061780325644,0.006868825334909241
IX,CCU,Kolkata,India,IN,2902.3828904577344,Unknown,2694.73780859961,6.50631098394534,0.0,597.67,-0.05765061780325644,0.006868825334909241
IX,AMD,Ahmedabad,India,IN,4155.494225523093,Unknown,2694.73780859961,6.50631098394534,0.0,855.72,-0.05765061780325644,0.006868825334909241
6E,DEL,New Delhi,India,IN,4157.806658778596,LCC,2694.73780859961,6.50631098394534,1.0,856.2,0.07229808550279163,0.008885027656070604
6E,BOM,Mumbai,India,IN,3920.7383932602384,LCC,2694.73780859961,6.50631098394534,1.0,807.38,0.07229808550279163,0.008885027656070604
6E,BLR,Bengaluru,India,IN,3178.5092885002587,LCC,2694.73780859961,6.50631098394534,1.0,654.53,0.07229808550279163,0.008885027656070604
6E,MAA,Chennai,India,IN,2924.3423557168326,LCC,2694.73780859961,6.50631098394534,1.0,602.2,0.07229808550279163,0.008885027656070604
6E,HYD,Hyderabad,India,IN,3304.9443799138326,LCC,2694.73780859961,6.50631098394534,1.0,680.57,0.07229808550279163,0.008885027656070604
6E,COK,Kochi,India,IN,3201.775528509259,LCC,2694.73780859961,6.50631098394534,1.0,659.33,0.07229808550279163,0.008885027656070604
6E,CCU,Kolkata,India,IN,2902.3828904577344,LCC,2694.73780859961,6.50631098394534,1.0,597.67,0.07229808550279163,0.008885027656070604
6E,ATQ,Amritsar,India,IN,4556.54203718111,LCC,2694.73780859961,6.50631098394534,1.0,938.31,0.07229808550279163,0.008885027656070604
KB,PBH,Paro,Bhutan,BT,3285.2791510598386,Unknown,3831.32535494609,3.233281603852678,0.0,676.52,0.010001204791930089,0.00315021835450539
BI,BWN,Bandar Seri Begawan,Brunei,BN,1277.627330577342,FSC,33153.4738913513,0.799392885478678,0.0,263.1,0.12565179213716046,0.0018621490482159386
AK,KUL,Kuala Lumpur,Malaysia,MY,296.4123530393128,LCC,11874.4273684245,4.289356294973379,1.0,61.04,0.0814745923446638,-0.0013007616885177403
AK,PEN,Penang,Malaysia,MY,600.9812873968567,LCC,11874.4273684245,4.289356294973379,1.0,123.76,0.0814745923446638,-0.0013007616885177403
AK,LGK,Langkawi,Malaysia,MY,726.8837070789758,LCC,11874.4273684245,4.289356294973379,1.0,149.68,0.0814745923446638,-0.0013007616885177403
AK,BKI,Kota Kinabalu,Malaysia,MY,1430.8856370401872,LCC,11874.4273684245,4.289356294973379,1.0,294.66,0.0814745923446638,-0.0013007616885177403
AK,KCH,Kuching,Malaysia,MY,707.2636325985159,LCC,11874.4273684245,4.289356294973379,1.0,145.64,0.0814745923446638,-0.0013007616885177403
QZ,CGK,Jakarta,Indonesia,ID,883.8199212254927,LCC,4925.43048751861,1.0073757638701997,1.0,182.0,0.04965810361947885,-0.0016185241548546808
QZ,DPS,Denpasar,Indonesia,ID,1672.7968607217397,LCC,4925.43048751861,1.0073757638701997,1.0,344.47,0.04965810361947885,-0.0016185241548546808
QZ,SUB,Surabaya,Indonesia,ID,1377.462023338354,LCC,4925.43048751861,1.0073757638701997,1.0,283.65,0.04965810361947885,-0.0016185241548546808
FD,BKK,Bangkok,Thailand,TH,1415.3040417559505,LCC,7346.62022142185,2.105862109734824,1.0,291.45,0.058917687812147276,-0.0019476037349386091
FD,DMK,Bangkok,Thailand,TH,1444.0888685571026,LCC,7346.62022142185,2.105862109734824,1.0,297.37,0.058917687812147276,-0.0019476037349386091
FD,CNX,Chiang Mai,Thailand,TH,2011.225764011722,LCC,7346.62022142185,2.105862109734824,1.0,414.16,0.058917687812147276,-0.0019476037349386091
FD,HKT,Phuket,Thailand,TH,978.7984766422755,LCC,7346.62022142185,2.105862109734824,1.0,201.56,0.058917687812147276,-0.0019476037349386091
OD,KUL,Kuala Lumpur,Malaysia,MY,296.4123530393128,LCC,11874.4273684245,4.289356294973379,1.0,61.04,0.0814745923446638,-0.0013007616885177403
OD,PEN,Penang,Malaysia,MY,600.9812873968567,LCC,11874.4273684245,4.289356294973379,1.0,123.76,0.0814745923446638,-0.0013007616885177403
OD,BKI,Kota Kinabalu,Malaysia,MY,1430.8856370401872,LCC,11874.4273684245,4.289356294973379,1.0,294.66,0.0814745923446638,-0.0013007616885177403
OD,LGK,Langkawi,Malaysia,MY,726.8837070789758,LCC,11874.4273684245,4.289356294973379,1.0,149.68,0.0814745923446638,-0.0013007616885177403
ID,CGK,Jakarta,Indonesia,ID,883.8199212254927,LCC,4925.43048751861,1.0073757638701997,1.0,182.0,0.04965810361947885,-0.0016185241548546808
ID,DPS,Denpasar,Indonesia,ID,1672.7968607217397,LCC,4925.43048751861,1.0073757638701997,1.0,344.47,0.04965810361947885,-0.0016185241548546808
ID,SUB,Surabaya,Indonesia,ID,1377.462023338354,LCC,4925.43048751861,1.0073757638701997,1.0,283.65,0.04965810361947885,-0.0016185241548546808
ID,UPG,Makassar,Indonesia,ID,1871.0626717477096,LCC,4925.43048751861,1.0073757638701997,1.0,385.3,0.04965810361947885,-0.0016185241548546808
QG,CGK,Jakarta,Indonesia,ID,883.8199212254927,Unknown,4925.43048751861,1.0073757638701997,0.0,182.0,0.015002175556609423,0.0027912163915670696
QG,DPS,Denpasar,Indonesia,ID,1672.7968607217397,Unknown,4925.43048751861,1.0073757638701997,0.0,344.47,0.015002175556609423,0.0027912163915670696
IP,PKU,Pekanbaru,Indonesia,ID,300.57064185110414,Unknown,4925.43048751861,1.0073757638701997,0.0,61.9,0.015002175556609423,0.0027912163915670696
8B,CGK,Jakarta,Indonesia,ID,883.8199212254927,Unknown,4925.43048751861,1.0073757638701997,0.0,182.0,0.015002175556609423,0.0027912163915670696
VN,SGN,Ho Chi Minh City,Vietnam,VN,1091.5682897540535,FSC,4717.29028732449,9.111914102671449,0.0,224.78,0.013618459867688308,0.002418558114632631
VN,HAN,Hanoi,Vietnam,VN,2216.7331455982826,FSC,4717.29028732449,9.111914102671449,0.0,456.48,0.013618459867688308,0.002418558114632631
VN,DAD,Da Nang,Vietnam,VN,1696.1645233327213,FSC,4717.29028732449,9.111914102671449,0.0,349.28,0.013618459867688308,0.002418558114632631
VJ,SGN,Ho Chi Minh City,Vietnam,VN,1091.5682897540535,LCC,4717.29028732449,9.111914102671449,1.0,224.78,0.04469116992646615,-0.002838422735065897
VJ,HAN,Hanoi,Vietnam,VN,2216.7331455982826,LCC,4717.29028732449,9.111914102671449,1.0,456.48,0.04469116992646615,-0.002838422735065897
VJ,DAD,Da Nang,Vietnam,VN,1696.1645233327213,LCC,4717.29028732449,9.111914102671449,1.0,349.28,0.04469116992646615,-0.002838422735065897
VJ,PQC,Phu Quoc,Vietnam,VN,979.1139424667427,LCC,4717.29028732449,9.111914102671449,1.0,201.62,0.04469116992646615,-0.002838422735065897
PR,MNL,Manila,Philippines,PH,2374.0766097229753,FSC,3984.8315387656,4.751442325156674,0.0,488.88,0.00942032406163689,0.003150218354505392
PR,CEB,Cebu,Philippines,PH,2422.253140282608,FSC,3984.8315387656,4.751442325156674,0.0,498.8,0.00942032406163689,0.003150218354505392
5J,MNL,Manila,Philippines,PH,2374.0766097229753,LCC,3984.8315387656,4.751442325156674,1.0,488.88,0.062021096831242156,-0.0021709722057315015
5J,CEB,Cebu,Philippines,PH,2422.253140282608,LCC,3984.8315387656,4.751442325156674,1.0,498.8,0.062021096831242156,-0.0021709722057315015
5J,DVO,Davao City,Philippines,PH,2484.1740402963624,LCC,3984.8315387656,4.751442325156674,1.0,511.55,0.062021096831242156,-0.0021709722057315015
5J,ILO,Iloilo City,Philippines,PH,2298.4761146088626,LCC,3984.8315387656,4.751442325156674,1.0,473.31,0.062021096831242156,-0.0021709722057315015
PG,USM,Ko Samui,Thailand,TH,1008.4005737427254,FSC,7346.62022142185,2.105862109734824,0.0,207.65,0.04618546446951319,0.0025711045840293226
SL,DMK,Bangkok,Thailand,TH,1444.0888685571026,LCC,7346.62022142185,2.105862109734824,1.0,297.37,0.058917687812147276,-0.0019476037349386091
SL,HKT,Phuket,Thailand,TH,978.7984766422755,LCC,7346.62022142185,2.105862109734824,1.0,201.56,0.058917687812147276,-0.0019476037349386091
SL,CNX,Chiang Mai,Thailand,TH,2011.225764011722,LCC,7346.62022142185,2.105862109734824,1.0,414.16,0.058917687812147276,-0.0019476037349386091
SL,HDY,Hat Yai,Thailand,TH,736.600372288432,LCC,7346.62022142185,2.105862109734824,1.0,151.68,0.058917687812147276,-0.0019476037349386091
UB,RGN,Yangon,Myanmar,MM,1930.3673066121096,Unknown,1359.05001560107,10.205456872937969,0.0,397.51,-0.051996011123103925,0.006232190878039598
KR,PNH,Phnom Penh,Cambodia,KH,1136.1775472467061,Unknown,2627.87969756224,8.15438965054538,0.0,233.97,-0.05778174449250191,0.006868825334909241
OM,UBN,Ulaanbaatar,Mongolia,MN,5153.60899780146,Unknown,6750.6301157724,15.62008324051063,0.0,1061.26,0.017631557120894287,0.0015955474626516315
PX,POM,Port Moresby,Papua New Guinea,PG,4935.501063119663,Unknown,3006.70564478923,1.3700743307052399,0.0,1016.34,-0.05271774818729805,0.005229436382428003
FJ,NAN,Nadi,Fiji,FJ,8305.479175194369,FSC,6425.74151715712,8.429265953254173,0.0,1710.31,0.01360280479303627,0.0024788880560103668
SB,NOU,Noumea,New Caledonia,NC,7224.803607481729,Unknown,,,0.0,1487.77,0.10211541301121808,0.003041754075427172
